City,Latitude,Longitude,population
London,51.5072,-0.1275,11262000.0
Birmingham,52.48,-1.9025,2919600.0
Manchester,53.4794,-2.2453,2705000.0
Liverpool,53.4075,-2.9919,864122.0
Portsmouth,50.8058,-1.0872,855679.0
Southampton,50.9025,-1.4042,855569.0
Leeds,53.8003,-1.5497,789194.0
Nottingham,52.9533,-1.15,768638.0
Glasgow,55.8611,-4.25,626410.0
Bristol,51.4536,-2.5975,567111.0
Sheffield,53.3808,-1.4703,518090.0
Leicester,52.6344,-1.1319,508916.0
Edinburgh,55.9533,-3.1892,488050.0
Caerdydd,51.4817,-3.1792,479000.0
Worthing,50.8147,-0.3714,474485.0
Stoke-on-Trent,53.0,-2.1833,372775.0
Coventry,52.4081,-1.5106,362690.0
Reading,51.4542,-0.9731,337108.0
Belfast,54.5964,-5.93,333871.0
Kingston upon Hull,53.7444,-0.3325,314018.0
Newcastle,54.98,-1.61,300196.0
Stockport,53.4083,-2.1494,295200.0
Bradford,53.8,-1.75,293277.0
Ipswich,52.0594,1.1556,290000.0
Bolton,53.578,-2.429,285372.0
Sunderland,54.906,-1.381,277417.0
Plymouth,50.3714,-4.1422,267918.0
Westminster,51.4947,-0.1353,255324.0
Derby,52.9217,-1.4767,255394.0
Wolverhampton,52.5833,-2.1333,250970.0
Barnsley,53.5547,-1.4791,245199.0
Abertawe,51.6167,-3.95,245508.0
Swindon,51.56,-1.78,222193.0
Islington,51.544,-0.1027,206125.0
Luton,51.8783,-0.4147,213052.0
Norwich,52.6286,1.2928,213166.0
Northampton,52.2304,-0.8938,212100.0
Solihull,52.413,-1.778,206674.0
Milton Keynes,52.04,-0.76,207057.0
Aberdeen,57.15,-2.11,200680.0
Croydon,51.3727,-0.1099,192064.0
Peterborough,52.5662,-0.2366,194000.0
Basildon,51.58,0.49,185900.0
Bournemouth,50.72,-1.88,187503.0
York,53.9601,-1.078,181131.0
Ilford,51.5575,0.0858,168168.0
Warrington,53.39,-2.59,165456.0
Kingswood,51.46,-2.505,160260.0
Huddersfield,53.645,-1.7798,162949.0
Southend,51.55,0.71,160257.0
Newport,51.5886,-2.9978,159600.0
Enfield,51.6522,-0.0808,156858.0
Oxford,51.7519,-1.2578,152000.0
Harrow,51.5836,-0.3464,149246.0
Gloucester,51.8644,-2.2444,145563.0
West Bromwich,52.519,-1.995,146386.0
Dundee,56.462,-2.9707,148280.0
Poole,50.7167,-1.9833,144800.0
Birkenhead,53.393,-3.014,142968.0
Blackpool,53.8142,-3.0503,139305.0
Telford,52.6766,-2.4469,142723.0
Preston,53.759,-2.699,141801.0
Middlesbrough,54.5767,-1.2355,140545.0
Tottenham,51.5975,-0.0681,129237.0
Sale,53.424,-2.322,134022.0
Brighton,50.8208,-0.1375,134293.0
Lincoln,53.2283,-0.5389,130200.0
Romford,51.5768,0.1801,122854.0
High Wycombe,51.6287,-0.7482,120256.0
Cambridge,52.2053,0.1192,123867.0
Exeter,50.7256,-3.5269,124180.0
Colchester,51.8917,0.903,121859.0
Gateshead,54.95,-1.6,120046.0
Blackburn,53.748,-2.482,117963.0
Slough,51.5084,-0.5881,119070.0
Chelmsford,51.73,0.48,115369.0
Cheltenham,51.9,-2.0667,116447.0
Rochdale,53.6136,-2.161,110194.0
Hammersmith,51.4928,-0.2229,95996.0
Rotherham,53.43,-1.357,109691.0
Walthamstow,51.584,-0.021,109424.0
Doncaster,53.5231,-1.1339,109805.0
Wythenshawe,53.392,-2.264,110000.0
Maidstone,51.272,0.529,107627.0
Sutton Coldfield,52.563,-1.822,109899.0
Basingstoke,51.2667,-1.0876,107355.0
Hounslow,51.4668,-0.375,103337.0
Crawley,51.1092,-0.1872,106597.0
Salford,53.483,-2.2931,103886.0
Dagenham,51.5397,0.1422,106247.0
Wembley,51.5528,-0.2979,102856.0
Saint Helens,53.45,-2.75,102629.0
Worcester,52.1911,-2.2206,101891.0
Gillingham,51.385,0.55,104157.0
Eastbourne,50.77,0.28,101547.0
Wigan,53.5448,-2.6318,103608.0
Hove,50.8352,-0.1758,91900.0
Rayleigh,51.5864,0.6049,95580.0
Hemel Hempstead,51.7526,-0.4692,94932.0
Bath,51.38,-2.36,94782.0
Darlington,54.527,-1.5526,92363.0
Fulham,51.4828,-0.195,87161.0
Ealing,51.5175,-0.2988,85014.0
Wimbledon,51.422,-0.208,92765.0
Watford,51.655,-0.3957,90301.0
Hastings,50.85,0.57,91053.0
Nuneaton,52.523,-1.468,86552.0
Stevenage,51.9017,-0.2019,89663.0
Orpington,51.3741,0.0986,90315.0
Brixton,51.4575,-0.1175,78536.0
Edmonton,51.6154,-0.0708,82472.0
Hartlepool,54.69,-1.21,88855.0
Chester,53.19,-2.89,87507.0
East Ham,51.5323,0.0554,76186.0
Bromley,51.407,0.021,87889.0
Hayes,51.5127,-0.4211,83564.0
Aylesbury,51.8168,-0.8124,83407.0
Edgware,51.6185,-0.2729,76506.0
Burnley,53.789,-2.248,82002.0
Saint Albans,51.755,-0.336,82146.0
Chatham,51.37,0.52,76792.0
Batley,53.7167,-1.6356,80485.0
Scunthorpe,53.5809,-0.6502,79977.0
Dudley,52.508,-2.089,79379.0
Weston-super-Mare,51.346,-2.977,76143.0
Paisley,55.8456,-4.4239,77220.0
South Shields,54.995,-1.43,75337.0
Bury,53.593,-2.298,78729.0
Mansfield,53.1444,-1.1964,77551.0
Bracknell,51.416,-0.749,77256.0
Carlisle,54.891,-2.944,75399.0
East Kilbride,55.7644,-4.1769,75120.0
Burton upon Trent,52.8019,-1.6367,75074.0
Kensington,51.5,-0.19,64681.0
Thornton Heath,51.4002,-0.1086,65812.0
Crewe,53.099,-2.44,73241.0
Newcastle under Lyme,53.0109,-2.2278,75082.0
Chingford,51.623,0.009,70583.0
Harrogate,53.9919,-1.5378,73576.0
Rugby,52.37,-1.26,70627.0
Tamworth,52.633,-1.695,73924.0
Lowestoft,52.48,1.75,70945.0
Southall,51.5121,-0.3779,69857.0
Gosport,50.7948,-1.1243,71529.0
Uxbridge,51.5404,-0.4778,70560.0
Grays,51.475,0.33,66843.0
Walton upon Thames,51.3868,-0.4133,66566.0
Feltham,51.4496,-0.4089,63368.0
Wandsworth,51.455,-0.192,61594.0
Walsall,52.58,-1.98,67594.0
Mitcham,51.4009,-0.1517,63393.0
Tynemouth,55.017,-1.423,68202.0
Paignton,50.4353,-3.5625,64410.0
Rochester,51.375,0.5,62982.0
Washington,54.9,-1.52,67158.0
Ashford,51.1465,0.8676,67528.0
Finchley,51.599,-0.187,65812.0
Hornchurch,51.5565,0.2128,63583.0
Acton,51.5135,-0.2707,62480.0
Merthyr Tudful,51.743,-3.378,63546.0
Waterlooville,50.88,-1.03,64350.0
Boston,52.974,-0.0214,64600.0
Scarborough,54.2773,-0.4017,61749.0
Streatham,51.4279,-0.1235,58055.0
Farnborough,51.29,-0.75,65034.0
Barking,51.54,0.08,59068.0
Stourbridge,52.4575,-2.1479,63298.0
Twickenham,51.449,-0.337,62148.0
Hereford,52.056,-2.716,63024.0
Dewsbury,53.691,-1.633,62945.0
Loughborough,52.77,-1.2,59932.0
Wrecsam,53.046,-2.993,61603.0
Kettering,52.3931,-0.7229,56226.0
Ellesmere Port,53.279,-2.897,61090.0
Bangor,54.66,-5.67,61011.0
Runcorn,53.3419,-2.7336,61789.0
Taunton,51.019,-3.1,60479.0
Littlehampton,50.8094,-0.5409,58357.0
Ruislip,51.576,-0.433,58217.0
Wallasey,53.4158,-3.0233,60284.0
Barrow in Furness,54.1108,-3.2261,56745.0
Bebington,53.35,-3.003,57336.0
Macclesfield,53.25,-2.13,56581.0
Braintree,51.878,0.55,55792.0
Royal Tunbridge Wells,51.132,0.263,57772.0
Wellingborough,52.2939,-0.6964,56564.0
Folkestone,51.081,1.166,51337.0
Royal Leamington Spa,52.292,-1.537,55733.0
Crosby,53.4872,-3.0343,51789.0
Stratford,51.5423,-0.0026,51387.0
Kidderminster,52.3885,-2.249,55530.0
Altrincham,53.3838,-2.3547,52419.0
Weymouth,50.613,-2.457,54539.0
Barri,51.405,-3.27,51502.0
Leith,55.98,-3.17,50030.0
Greenford,51.5299,-0.3488,46787.0
Dunfermline,56.0719,-3.4393,53100.0
Rowley Regis,52.488,-2.05,50257.0
Neath,51.66,-3.81,50658.0
Bootle,53.4457,-2.9891,51394.0
Hamilton,55.777,-4.039,53188.0
Lancaster,54.0489,-2.8014,52234.0
Eltham,51.451,0.052,48964.0
Morden,51.4015,-0.1949,48233.0
Cumbernauld,55.945,-3.994,50920.0
Brentwood,51.62,0.305,52586.0
Willenhall,52.5798,-2.0605,51429.0
Andover,51.208,-1.48,50887.0
Yeovil,50.9452,-2.637,49698.0
Sutton in Ashfield,53.125,-1.261,48527.0
Catford,51.4452,-0.0207,44905.0
Pen-y-Bont ar Ogwr,51.5072,-3.5784,49404.0
Surbiton,51.394,-0.307,45132.0
Stretford,53.4466,-2.3086,46910.0
Cheshunt,51.702,-0.035,45832.0
Barnet,51.6444,-0.1997,47359.0
Kirkcaldy,56.1107,-3.1674,48108.0
Sutton,51.3656,-0.1963,41483.0
West Bridgford,52.932,-1.127,47109.0
Beckenham,51.408,-0.022,46844.0
Ashton,53.4897,-2.0952,45198.0
Strood,51.393,0.478,40000.0
Inverness,57.4778,-4.2247,47290.0
Salisbury,51.07,-1.79,45477.0
Ayr,55.458,-4.629,46780.0
Wokingham,51.41,-0.84,46745.0
Banbury,52.061,-1.336,46853.0
Urmston,53.4487,-2.3747,41825.0
Havant,50.8517,-0.9842,45826.0
Hinckley,52.5413,-1.3725,45249.0
Worksop,53.3042,-1.1244,44733.0
Morley,53.7492,-1.6023,44440.0
Welling,51.4594,0.1097,41000.0
Fleet,51.2834,-0.8456,42835.0
Middleton,53.555,-2.187,42972.0
Coatbridge,55.8625,-4.0266,43960.0
Chorley,53.653,-2.632,38420.0
Fareham,50.85,-1.18,42210.0
Castleford,53.716,-1.356,40210.0
Kingston upon Thames,51.4103,-0.2995,43013.0
Newbury,51.401,-1.323,41075.0
Bridgwater,51.128,-2.993,41276.0
Laindon,51.574,0.4181,37175.0
Caerphilly,51.578,-3.218,41402.0
Llanelli,51.684,-4.163,37050.0
Kirkby,53.48,-2.89,40472.0
Ramsgate,51.336,1.416,40408.0
Small Heath,52.4629,-1.8542,36898.0
Cleethorpes,53.5533,-0.0215,38996.0
Bishops Stortford,51.872,0.1725,38202.0
Coalville,52.724,-1.369,37661.0
Blyth,55.126,-1.514,37339.0
Kenton,51.5878,-0.3086,35600.0
Leighton Buzzard,51.9165,-0.6617,37469.0
Arnold,53.005,-1.127,37768.0
Ilkeston,52.971,-1.309,38640.0
Aberdare,51.713,-3.445,39550.0
Herne Bay,51.37,1.13,38385.0
Bicester,51.9,-1.15,37020.0
Wood Green,51.5981,-0.1149,28453.0
Denton,53.4554,-2.1122,36591.0
Highbury,51.552,-0.097,26664.0
Walkden,53.5239,-2.3991,35616.0
Whitley Bay,55.0456,-1.4443,36623.0
Bletchley,51.994,-0.732,37520.0
Billingham,54.61,-1.27,35165.0
Airdrie,55.86,-3.98,37410.0
Beeston,52.927,-1.215,37000.0
Long Eaton,52.898,-1.271,37760.0
Camberley,51.335,-0.742,38038.0
Dunstable,51.886,-0.521,35000.0
North Shields,55.0097,-1.4448,34423.0
Wickford,51.6114,0.5207,33486.0
Redcar,54.618,-1.069,37073.0
Northolt,51.5467,-0.37,30304.0
Bridlington,54.0819,-0.1923,35264.0
Hanwell,51.509,-0.338,28768.0
Falkirk,56.0011,-3.7835,35850.0
Dover,51.1295,1.3089,31022.0
Hitchin,51.947,-0.283,34266.0
Rainham,51.36,0.61,34088.0
Spalding,52.7858,-0.1529,34613.0
Grantham,52.918,-0.638,34592.0
Carshalton,51.3652,-0.1676,29917.0
Ewell,51.35,-0.249,34872.0
Colwyn Bay,53.29,-3.7,34284.0
Huyton,53.4111,-2.8403,33193.0
Pinner,51.5932,-0.3894,31130.0
Deal,51.2226,1.4006,30917.0
Letchworth,51.978,-0.23,33249.0
Hyde,53.4474,-2.082,34003.0
Abingdon,51.667,-1.283,33130.0
Borehamwood,51.6578,-0.2723,31955.0
Trowbridge,51.32,-2.208,33108.0
Earley,51.433,-0.933,32036.0
Rutherglen,55.828,-4.214,31190.0
Wigston Magna,52.5812,-1.093,32321.0
Lichfield,52.682,-1.829,33816.0
Prestwich,53.5333,-2.2833,31693.0
Didcot,51.606,-1.241,32183.0
Ecclesfield,53.4429,-1.4698,31609.0
Darwen,53.698,-2.461,31570.0
Bexleyheath,51.459,0.138,31929.0
Brighouse,53.707,-1.794,32360.0
Saint Neots,52.228,-0.27,31165.0
Motherwell,55.7839,-3.9852,32590.0
Pontypridd,51.602,-3.342,31206.0
Kendal,54.326,-2.745,29593.0
Chichester,50.8365,-0.7792,30925.0
Wishaw,55.7742,-3.9183,30290.0
Perry Barr,52.5249,-1.9042,23652.0
West Ham,51.534,0.008,15551.0
Swadlincote,52.774,-1.557,32219.0
Bulwell,53.001,-1.197,29771.0
Frome,51.2279,-2.3215,28559.0
Longton,52.9877,-2.1327,27214.0
Bromsgrove,52.3353,-2.0579,29237.0
Pont-y-pŵl,51.703,-3.041,28970.0
Cramlington,55.082,-1.585,29405.0
Boscombe,50.725,-1.84,20719.0
Harpenden,51.8175,-0.3524,30240.0
Hertford,51.7966,-0.0774,28689.0
Darlaston,52.5708,-2.0457,27821.0
Stepney,51.5152,-0.0462,16238.0
Daventry,52.2578,-1.1628,28123.0
Cambuslang,55.819,-4.1671,29100.0
Rhyl,53.321,-3.48,25149.0
Leyton,51.57,-0.015,14184.0
Ashington,55.181,-1.568,27764.0
Congleton,53.162,-2.217,28497.0
Longbridge,52.395,-1.979,25410.0
Bearsden,55.9192,-4.3332,28120.0
Melton Mowbray,52.7661,-0.886,27158.0
Farnworth,53.5452,-2.3999,26939.0
Shenley Brook End,52.009,-0.789,25828.0
Consett,54.85,-1.83,25812.0
Bilston,52.566,-2.0728,25576.0
Bloxwich,52.614,-2.004,25401.0
Bournville,52.4299,-1.9355,25938.0
Billericay,51.628,0.4184,27998.0
Gorleston-on-Sea,52.5757,1.7235,24785.0
Aldridge,52.606,-1.9179,26988.0
Newton Aycliffe,54.62,-1.58,26633.0
Upminster,51.5557,0.2512,25361.0
Westhoughton,53.549,-2.529,24974.0
Northfield,52.408,-1.963,25707.0
Hindley,53.5355,-2.5658,25001.0
Cheadle Hulme,53.3761,-2.1897,26479.0
Haverhill,52.08,0.44,27041.0
Kings Norton,52.4072,-1.9272,24380.0
Balham,51.4434,-0.1525,14751.0
Coulsdon,51.3211,-0.1386,25695.0
Newton Mearns,55.7716,-4.3347,26600.0
Hackney,51.5414,-0.0266,11734.0
Ryde,50.7271,-1.1618,24847.0
Bishop Auckland,54.663,-1.676,25455.0
Wellington,52.7001,-2.5157,25554.0
Clydebank,55.8997,-4.4006,26320.0
Gosforth,55.007,-1.623,23620.0
Barnstaple,51.08,-4.06,23976.0
Wallington,51.3647,-0.1403,20850.0
Market Harborough,52.4775,-0.9206,22911.0
Droylsden,53.4828,-2.1582,23689.0
Thornaby on Tees,54.5585,-1.3025,24741.0
Clifton,52.904,-1.177,22749.0
Erdington,52.5236,-1.8378,22828.0
Plymstock,50.3569,-4.09,24103.0
Stratton Saint Margaret,51.586,-1.762,22698.0
Swinton,53.5122,-2.3412,22931.0
Droitwich,52.267,-2.153,25027.0
Harborne,52.46,-1.95,23001.0
Penarth,51.43,-3.17,22083.0
Portishead,51.484,-2.7626,25000.0
Caversham,51.467,-0.973,23885.0
Wednesfield,52.5998,-2.0827,22646.0
Whitefield,53.5521,-2.2992,23283.0
Stalybridge,53.4834,-2.04,23731.0
Camborne,50.213,-5.3,22074.0
Kingswinford,52.4981,-2.1657,25191.0
Bailleston,55.8474,-4.1147,21663.0
Chester-le-Street,54.8594,-1.5699,24227.0
Arbroath,56.561,-2.586,23940.0
Farnley,53.7876,-1.6159,24213.0
Oadby,52.5987,-1.0763,23849.0
Litherland,53.4727,-2.999,22242.0
Stanmore,51.618,-0.314,23700.0
Acomb,53.955,-1.126,22215.0
Sheldon,52.45,-1.7666,21817.0
Ormskirk,53.5665,-2.8869,24073.0
Failsworth,53.5102,-2.1575,20680.0
Bishopbriggs,55.9046,-4.225,23540.0
Littleover,52.906,-1.505,23958.0
Newquay,50.412,-5.0757,22074.0
Belper,53.029,-1.475,21822.0
Clevedon,51.438,-2.854,21281.0
Chandlers Ford,50.984,-1.3792,21436.0
Newton in Makerfield,53.45,-2.633,22114.0
Holborn,51.5204,-0.1136,13023.0
Penwortham,53.74,-2.72,23047.0
March,52.551,0.088,22298.0
Farsley,53.8116,-1.6718,22594.0
Friern Barnet,51.6126,-0.1584,17250.0
Huntingdon,52.3364,-0.1717,23732.0
Bispham,53.852,-3.041,20001.0
Kidsgrove,53.0874,-2.2478,23756.0
Belgrave,52.6566,-1.1262,11558.0
Northwood,51.601,-0.4176,22047.0
Guiseley,53.875,-1.706,22347.0
Penistone,53.525,-1.629,22909.0
Ossett,53.68,-1.58,21231.0
Norton,54.589,-1.3157,20829.0
Maghull,53.5174,-2.9449,20444.0
Atherton,53.523,-2.495,22000.0
Tiverton,50.903,-3.488,22291.0
Plumstead,51.49,0.09,16736.0
Horwich,53.592,-2.54,20067.0
Maesteg,51.61,-3.65,20612.0
Bathgate,55.9024,-3.6431,22920.0
Truro,50.26,-5.051,21555.0
Yate,51.5402,-2.411,21789.0
Southbourne,50.722,-1.798,18960.0
Stoke Gifford,51.517,-2.548,19794.0
Leek,53.108,-2.0234,20768.0
Kirkstall,53.816,-1.602,20673.0
Dronfield,53.3024,-1.4664,21261.0
Buxton,53.259,-1.911,22215.0
Royton,53.566,-2.121,21284.0
Rothwell,53.7485,-1.478,20354.0
Hornsey,51.587,-0.118,12659.0
Falmouth,50.15,-5.07,21797.0
Woodlesford,53.7567,-1.453,21010.0
Dollis Hill,51.5641,-0.2341,14425.0
Cottingham,53.7822,-0.4136,17164.0
Renfrew,55.878,-4.389,21854.0
Stamford,52.656,-0.484,19701.0
Hebburn,54.972,-1.513,19148.0
Leigh-on-Sea,51.5425,0.6535,20737.0
Calne,51.438,-2.005,19074.0
Hythe,50.869,-1.399,20526.0
Peterlee,54.76,-1.33,20164.0
Seaham,54.84,-1.34,20172.0
Shoreham-by-Sea,50.834,-0.273,20547.0
Goodmayes,51.5631,0.1133,13069.0
Palmers Green,51.6178,-0.1092,15162.0
Biddulph,53.12,-2.17,19892.0
Worcester Park,51.3752,-0.239,16031.0
Killingworth,55.0318,-1.5557,20079.0
Caterham,51.2803,-0.0816,21030.0
Selby,53.7818,-1.0703,19760.0
Abbots Langley,51.701,-0.416,19574.0
Peterhead,57.5091,-1.7832,19270.0
Bellshill,55.816,-4.026,20290.0
Davyhulme,53.4559,-2.3683,19634.0
Llandudno,53.325,-3.826,20701.0
Quedgeley,51.825,-2.28,17519.0
Southgate,51.6316,-0.1265,14454.0
Burnham-on-Sea,51.2376,-2.9935,19576.0
Prestatyn,53.331,-3.405,19085.0
Dukinfield,53.4739,-2.0828,19306.0
Antrim,54.7173,-6.2055,19986.0
Ecclesall,53.362,-1.498,19211.0
Frimley,51.3143,-0.7387,19094.0
Bingley,53.846,-1.836,18294.0
Molesey,51.401,-0.363,19088.0
Connahs Quay,53.218,-3.057,16774.0
Great Linford,52.068,-0.7637,19350.0
Houghton Regis,51.9039,-0.5247,17280.0
Liversedge,53.7067,-1.69,19420.0
Maltby,53.426,-1.21,16856.0
Keynsham,51.4135,-2.4968,16641.0
Kew Green,51.5308,-0.2248,14915.0
Bourne,52.7684,-0.3775,17981.0
Broughty Ferry,56.4672,-2.8699,18659.0
Bedlington,55.133,-1.583,18470.0
Tonypandy,51.6223,-3.4512,17789.0
Hadleigh,51.5535,0.6095,18300.0
East Barnet,51.643,-0.163,16137.0
Moston,53.5156,-2.1848,14518.0
Hampton,51.422,-0.367,19372.0
Highgate,51.5716,-0.1448,10955.0
Colne,53.8554,-2.1756,17855.0
Westbury,51.26,-2.191,16414.0
Clitheroe,53.8711,-2.3916,17141.0
Redhill,51.2393,-0.1726,18163.0
Warminster,51.205,-2.181,18173.0
Wellington,50.9755,-3.2243,16669.0
Devizes,51.3528,-1.9958,16834.0
Wibsey,53.7672,-1.7728,14671.0
Dingle,53.3774,-2.9613,13246.0
Horsforth,53.837,-1.643,18895.0
Moreton,53.401,-3.111,17670.0
Cowley,51.733,-1.215,16500.0
Bonnyrigg,55.8747,-3.1031,17530.0
Fern Down,50.81,-1.9,17650.0
Staines-upon-Thames,51.434,-0.511,18484.0
Dawlish,50.581,-3.466,15257.0
New Brighton,53.432,-3.049,15149.0
Shirley,51.3813,-0.0543,14296.0
Cosham,50.8424,-1.066,13830.0
High Blantyre,55.793,-4.097,16900.0
Nailsea,51.43,-2.76,15630.0
Enfield Lock,51.6686,-0.026,16469.0
Cleckheaton,53.725,-1.719,16622.0
Basford,52.978,-1.169,16207.0
Porthcawl,51.48,-3.69,15640.0
Milton,53.05,-2.142,17250.0
Hilsea,50.83,-1.07,13552.0
Kilwinning,55.655,-4.703,16460.0
Heckmondwike,53.708,-1.67,16986.0
Woodhouse,53.358,-1.373,17450.0
Tyldesley,53.5166,-2.4667,16142.0
Upton,53.385,-3.099,16130.0
Haslingden,53.705,-2.328,16849.0
Kidbrooke,51.4621,0.0273,14300.0
Maldon,51.7318,0.6758,14220.0
Fazakerley,53.4676,-2.9408,16786.0
Seacroft,53.8222,-1.4599,14246.0
Leagrave,51.903,-0.466,12910.0
Baguley,53.399,-2.276,14794.0
Clayton,53.782,-1.8135,16982.0
Shipley,53.833,-1.777,15483.0
West Wickham,51.3765,-0.0193,14884.0
West Drayton,51.5043,-0.4646,14370.0
Larkhall,55.737,-3.972,14740.0
Hatch End,51.601,-0.3743,10693.0
Hednesford,52.7115,-2.0006,17343.0
Deysbrook,53.429,-2.934,14490.0
Whickham,54.9456,-1.6726,16652.0
Bredbury,53.42,-2.113,16721.0
Baildon,53.851,-1.763,15360.0
Cheam,51.36,-0.21,10285.0
Netherton,52.4908,-2.0835,15017.0
Saltash,50.408,-4.212,16830.0
West Derby,53.4338,-2.907,14382.0
Partick,55.8699,-4.3125,8884.0
South Hayling,50.7876,-0.977,15948.0
Clifton,53.9721,-1.0979,13548.0
Pemberton,53.536,-2.6738,13982.0
Johnstone,55.8346,-4.5027,16090.0
Morriston,51.6647,-3.9389,16928.0
Royston,52.0471,-0.0202,15781.0
Addlestone,51.3695,-0.4901,15883.0
Brackley,52.032,-1.147,16195.0
Braunstone,52.616,-1.175,16850.0
Hazel Grove,53.375,-2.111,15265.0
Wombwell,53.516,-1.4,15316.0
Prestwick,55.4956,-4.6142,14720.0
Buckley,53.172,-3.086,15665.0
Yiewsley,51.513,-0.471,12979.0
The Mumbles,51.573,-3.9992,16600.0
Banstead,51.322,-0.204,16666.0
Whittlesey,52.558,-0.13,16058.0
Bromborough,53.336,-2.978,14850.0
Verwood,50.8815,-1.8785,15196.0
Chertsey,51.3902,-0.5074,15967.0
Hythe,51.0716,1.084,14170.0
Melksham,51.371,-2.138,14677.0
Pendlebury,53.5075,-2.3154,13069.0
Nantwich,53.067,-2.522,14045.0
Amblecote,52.46,-2.16,13393.0
Bidston,53.402,-3.078,15216.0
Gornalwood,52.523,-2.124,12992.0
Lymington,50.75,-1.55,15726.0
Hessle,53.7239,-0.4319,15000.0
Llantrisant,51.542,-3.375,15313.0
Rosyth,56.0339,-3.4323,13780.0
Rock Ferry,53.373,-3.008,14298.0
Saffron Walden,52.022,0.243,15504.0
Barton upon Irwell,53.476,-2.36,12462.0
Thornbury,51.6094,-2.5249,14496.0
Stapleford,52.929,-1.274,15241.0
Redruth,50.233,-5.224,15169.0
Perivale,51.5383,-0.3192,15339.0
Kidlington,51.823,-1.291,13723.0
Timperley,53.387,-2.328,11061.0
Armthorpe,53.5352,-1.0522,14457.0
Little Hulton,53.53,-2.418,13469.0
Kenley,51.3242,-0.0969,14966.0
Rottingdean,50.815,-0.065,14324.0
Marlow,51.57,-0.78,14004.0
Brierley Hill,52.4795,-2.1245,13935.0
Whitby,54.4858,-0.6206,13594.0
Swinton,53.4877,-1.3149,15559.0
Harrow Weald,51.604,-0.339,11376.0
Wanstead,51.5778,0.0286,11543.0
Rustington,50.8102,-0.5052,13883.0
Rossington,53.4759,-1.0613,13557.0
Sudbury,51.5537,-0.3199,14950.0
Ilkley,53.925,-1.822,14809.0
Ovenden,53.7432,-1.8779,12351.0
Lowton,53.471,-2.569,14605.0
Patcham,50.864,-0.15,14277.0
Childwall,53.395,-2.881,14085.0
Shenley Church End,52.022,-0.788,12961.0
Newport Pagnell,52.087,-0.722,15118.0
Shiremoor,55.0366,-1.5048,13300.0
Petersfield,51.0038,-0.9374,14974.0
Chaddesden,52.9301,-1.4383,13413.0
Egg Buckland,50.4006,-4.1136,13351.0
Prescot,53.4286,-2.8064,11184.0
Shirebrook,53.2048,-1.2197,13300.0
West Boldon,54.945,-1.441,13271.0
Fraserburgh,57.693,-2.005,13180.0
Walsall Wood,52.6277,-1.9301,13207.0
Bodmin,50.466,-4.718,14736.0
Hollinwood,53.5183,-2.144,10920.0
Streetly,52.577,-1.884,13934.0
Spitalfields,51.5166,-0.075,10286.0
Wollaston,52.4619,-2.1663,13092.0
Aylestone,52.604,-1.154,11151.0
Conisbrough,53.479,-1.227,14333.0
Caerfyrddin,51.856,-4.316,13148.0
Thorpe Saint Andrew,52.6354,1.3431,14556.0
Hawick,55.422,-2.787,13740.0
Wolverton,52.0626,-0.8102,12492.0
Linlithgow,55.9791,-3.6105,13260.0
Burslem,53.0426,-2.1879,11314.0
Broadwater,50.8282,-0.3742,9373.0
Milford Haven,51.7142,-5.0427,13725.0
Sedgley,52.54,-2.123,12087.0
Southborough,51.1598,0.2652,11124.0
Minehead,51.2038,-3.4738,11981.0
Coseley,52.55,-2.083,12357.0
Chard,50.8728,-2.9587,13074.0
Buckingham,51.995,-0.986,12890.0
Sutton on Hull,53.7806,-0.3047,12649.0
Midsomer Norton,51.2842,-2.4817,13000.0
Milngavie,55.9421,-4.3137,12795.0
Corsham,51.434,-2.185,13369.0
Southwick,50.836,-0.239,13195.0
Lye,52.459,-2.116,12346.0
Thatto Heath,53.4352,-2.7481,12280.0
Blunsdon Saint Andrew,51.61,-1.79,12414.0
Brownhills,52.647,-1.933,12676.0
Allestree,52.9519,-1.4856,13622.0
Eckington,53.308,-1.3643,11152.0
Hoyland Nether,53.4985,-1.4406,11852.0
Chepstow,51.642,-2.675,12350.0
Giffnock,55.8051,-4.2946,12300.0
Wallingford,51.599,-1.125,11600.0
Castle Bromwich,52.505,-1.7856,11217.0
Great Driffield,54.005,-0.438,13080.0
Chilwell,52.916,-1.235,12864.0
Ormesby,54.5492,-1.1817,10714.0
Saint Budeaux,50.4033,-4.1856,13369.0
Blundellsands,53.48,-3.05,11514.0
Mountain Ash,51.6814,-3.3792,11230.0
Earlestown,53.45,-2.65,10830.0
Snaresbrook,51.587,0.0146,11868.0
Knutsford,53.3025,-2.3708,13259.0
Ainsdale,53.6021,-3.0405,12723.0
Holyhead,53.309,-4.633,11431.0
Parkstone,50.71,-1.95,10779.0
Wordsley,52.483,-2.15,12582.0
Culcheth,53.4517,-2.5218,11454.0
Cromer,52.931,1.302,12457.0
Woolton,53.374,-2.865,12921.0
Killamarsh,53.3205,-1.3116,9445.0
Sandridge,51.7808,-0.3038,11451.0
Abergavenny,51.824,-3.0167,12515.0
Warsop,53.2,-1.15,11999.0
Gourock,55.9538,-4.8173,10350.0
Olton,52.4377,-1.8058,12167.0
Forres,57.608,-3.62,10100.0
Hwlffordd,51.8,-4.97,12042.0
Sandown,50.6551,-1.1541,11868.0
Bottesford,53.5521,-0.6714,11038.0
Bargoed,51.69,-3.24,11900.0
Trentham,52.9663,-2.1899,11836.0
Cowley,51.528,-0.481,8776.0
Carnoustie,56.501,-2.71,11360.0
Tonyrefail,51.584,-3.4306,12301.0
Brislington,51.4316,-2.5439,11511.0
Thames Ditton,51.389,-0.331,9400.0
Cudworth,53.5784,-1.4149,10977.0
Wealdstone,51.5957,-0.3352,11394.0
Haydock,53.4678,-2.6609,11416.0
Gillingham,51.0375,-2.2748,11756.0
Lambeth,51.49,-0.119,9675.0
Linslade,51.9243,-0.6774,11185.0
Street,51.1235,-2.7381,11805.0
Oakham,52.6705,-0.7333,10975.0
Raynes Park,51.4033,-0.2321,9738.0
Astley,53.5008,-2.4454,11270.0
Bishopstoke,50.9679,-1.3278,9974.0
Kippax,53.7669,-1.3705,9785.0
Ryhope,54.8679,-1.3698,10484.0
Pelsall,52.631,-1.972,11371.0
Birchington,51.377,1.305,9961.0
Stocksbridge,53.478,-1.588,9869.0
Risca,51.608,-3.091,11693.0
Flixton,53.447,-2.391,10786.0
Larbert,56.0229,-3.826,11050.0
Ascot,51.4084,-0.6707,11603.0
Lemington,54.972,-1.723,10228.0
Henley on Thames,51.5357,-0.903,11619.0
Royston,53.61,-1.45,10728.0
Aberaman,51.7,-3.4333,9964.0
Holbeach,52.8037,0.0154,10458.0
Tavistock,50.545,-4.15,11018.0
Liskeard,50.4536,-4.4651,9912.0
New Silksworth,54.871,-1.3957,10194.0
Bradford-on-Avon,51.347,-2.251,10405.0
Chatteris,52.456,0.055,11011.0
Horsell,51.3286,-0.5617,9384.0
Marton,54.5372,-1.2047,9990.0
Shepton Mallet,51.193,-2.546,10810.0
Whitchurch,52.969,-2.682,9781.0
Ponteland,55.048,-1.747,10921.0
Buckhurst Hill,51.632,0.036,11380.0
Stanwell,51.457,-0.4715,11279.0
Newport,52.7691,-2.3787,11387.0
Eccleston,53.4539,-2.7748,10433.0
Cupar,56.32,-3.01,9020.0
Stranraer,54.902,-5.027,10320.0
Longbenton,55.0,-1.57,10617.0
Lydney,51.7286,-2.5285,10043.0
Barnoldswick,53.9147,-2.1895,10752.0
Handsworth,53.37,-1.4,9957.0
Evington,52.621,-1.072,11133.0
Wilnecote,52.6081,-1.6677,9358.0
Inverurie,57.28,-2.38,10885.0
Launceston,50.637,-4.36,10452.0
Hellesdon,52.6485,1.2509,10957.0
Broadstone,50.7605,-1.995,10303.0
Littleport,52.4568,0.3046,9168.0
Nairn,57.586,-3.869,9960.0
Tilehurst,51.4579,-1.0406,9185.0
Ifield,51.1234,-0.2073,8882.0
Tottington,53.613,-2.339,9783.0
Amesbury,51.173,-1.78,10724.0
Shildon,54.63,-1.65,9976.0
Helston,50.1,-5.27,9780.0
Aberbargoed,51.6968,-3.224,9184.0
Choppington,55.145,-1.601,9787.0
Chapeltown,53.462,-1.466,10043.0
Caldicot,51.591,-2.7492,9813.0
Dunbar,56.0027,-2.5169,9030.0
Warfield,51.442,-0.737,10088.0
Glenfield,52.6491,-1.2062,9643.0
Broughton Astley,52.5278,-1.2275,8940.0
Rogerstone,51.5906,-3.0537,10158.0
Barwell,52.5682,-1.3462,9022.0
South Normanton,53.107,-1.343,9445.0
Kilsyth,55.98,-4.06,10080.0
Horbury,53.6595,-1.5566,10002.0
Llantwit Major,51.4062,-3.475,9486.0
Clayton le Moors,53.775,-2.384,8522.0
Boxley,51.3024,0.5429,9554.0
Cam,51.7011,-2.3642,8520.0
Bradwell,52.05,-0.787,9657.0
Pontardulais,51.71,-4.04,9073.0
Leven,56.195,-2.9942,9040.0
Radstock,51.293,-2.448,9419.0
Sandiacre,52.923,-1.291,8889.0
Glastonbury,51.1485,-2.714,8932.0
Bonhill,55.983,-4.567,9050.0
Bucksburn,57.177,-2.175,8572.0
Cullercoats,55.033,-1.433,9202.0
Rye,50.95,0.73,9041.0
Hucclecote,51.85,-2.18,8826.0
Bedwas,51.5926,-3.2061,8512.0
Brimington,53.258,-1.3905,8788.0
West Auckland,54.6318,-1.721,8509.0
Atherstone,52.5787,-1.5462,8670.0
Kirkwall,58.981,-2.96,7420.0
Lerwick,60.155,-1.145,6880.0
Wakefield,53.68,-1.49,99251.0
Oldham,53.5444,-2.1169,96555.0
Bedford,52.135,-0.47,92407.0
Southport,53.6475,-3.0053,91703.0
Halifax,53.725,-1.863,88134.0
Grimsby,53.5675,-0.08,88243.0
Woolwich,51.488,0.063,84959.0
Derry,54.9917,-7.3417,85016.0
Redditch,52.3,-1.9333,81919.0
Stockton-on-Tees,54.57,-1.32,82729.0
Harlow,51.779,0.128,82059.0
Eastleigh,50.9667,-1.35,78716.0
Guildford,51.2365,-0.5703,77057.0
Dartford,51.44,0.22,75000.0
Gravesend,51.4415,0.3685,74000.0
Shrewsbury,52.708,-2.754,71715.0
Lisburn,54.5167,-6.0333,71465.0
Stafford,52.807,-2.117,70592.0
Rhondda,51.6159,-3.4175,69506.0
Cannock,52.691,-2.027,67768.0
Godalming,51.18,-0.61,66773.0
Torquay,50.47,-3.53,65245.0
Maidenhead,51.5217,-0.7177,63580.0
Sittingbourne,51.34,0.74,62500.0
Bognor Regis,50.7824,-0.6764,63885.0
Woking,51.305,-0.539,62796.0
Widnes,53.363,-2.728,61464.0
Margate,51.385,1.3838,61223.0
Halesowen,52.4502,-2.0509,58135.0
Aldershot,51.2483,-0.7614,57211.0
Canterbury,51.28,1.08,54880.0
Corby,52.4877,-0.7013,54927.0
Christchurch,50.73,-1.78,54210.0
Keighley,53.867,-1.911,53331.0
Livingston,55.8834,-3.5157,50826.0
Horsham,51.062,-0.325,50934.0
Esher,51.3691,-0.365,50904.0
Northwich,53.259,-2.518,50531.0
Clacton-on-Sea,51.7918,1.1457,50548.0
Smethwick,52.4931,-1.9686,48180.0
Welwyn Garden City,51.8062,-0.1932,48380.0
Cwmbran,51.653,-3.021,48535.0
Durham,54.7761,-1.5733,48069.0
Perth,56.3958,-3.4333,47430.0
Minster,51.421,0.809,45000.0
Kilmarnock,55.6111,-4.4957,46350.0
Erith,51.48,0.1778,45345.0
Sidcup,51.4263,0.1024,43109.0
King’s Lynn,52.754,0.398,42800.0
Hoddesdon,51.759,-0.015,42253.0
Leigh,53.4975,-2.515,41275.0
Greenock,55.95,-4.765,41990.0
Bury Saint Edmunds,52.2474,0.7183,40664.0
Hatfield,51.7636,-0.2258,41265.0
Glenrothes,56.198,-3.178,38510.0
Tipton,52.5259,-2.0751,38777.0
Stirling,56.1166,-3.9369,37610.0
Tonbridge,51.1987,0.2764,38657.0
Eccles,53.4824,-2.339,38756.0
Skelmersdale,53.55,-2.776,38813.0
Great Yarmouth,52.606,1.729,38693.0
Port Talbot,51.5906,-3.7986,37276.0
Houghton le Spring,54.841,-1.468,36746.0
Hendon,51.5837,-0.2252,35874.0
Woodley,51.453,-0.902,35470.0
Accrington,53.7534,-2.3638,35456.0
Chippenham,51.459,-2.116,36548.0
Morecambe,54.073,-2.87,34768.0
Winchester,51.0632,-1.308,35200.0
Leyland,53.692,-2.697,35578.0
Winsford,53.194,-2.52,35000.0
Exmouth,50.62,-3.413,34432.0
Irvine,55.6201,-4.6614,33698.0
Pontneddfechan,51.7554,-3.5878,34000.0
Warwick,52.28,-1.59,32719.0
Loughton,51.6494,0.0735,33353.0
Glossop,53.443,-1.949,33340.0
Wisbech,52.664,0.16,31573.0
Epsom,51.336,-0.267,31489.0
Rushden,52.288,-0.601,31690.0
Dumfries,55.07,-3.603,32379.0
Bedworth,52.475,-1.477,31332.0
Windsor,51.4791,-0.6095,32184.0
Wallsend,54.991,-1.534,30400.0
Pontefract,53.691,-1.312,30881.0
Whitstable,51.361,1.026,30195.0
Radcliffe,53.5615,-2.3268,29950.0
Burgess Hill,50.9535,-0.1262,30635.0
Beverley,53.845,-0.427,30831.0
Northfleet,51.44,0.34,29474.0
Plympton,50.386,-4.051,29899.0
Nelson,53.8346,-2.218,29135.0
Heywood,53.59,-2.219,28205.0
Sevenoaks,51.2781,0.1874,29506.0
Reddish,53.4383,-2.1613,28052.0
Shotley Bridge,54.87,-1.86,27394.0
Evesham,52.092,-1.947,27684.0
Stanford le Hope,51.514,0.4244,28765.0
Bentley,53.551,-1.144,27145.0
Witney,51.78,-1.49,27522.0
Seaford,50.77,0.1,26955.0
Stratford-upon-Avon,52.1928,-1.7064,27445.0
Wilmslow,53.325,-2.239,26213.0
Thetford,52.41,0.74,27027.0
Jarrow,54.9814,-1.49,27526.0
Ashford,51.434,-0.464,27382.0
East Grinstead,51.13,-0.0,26383.0
Burntwood,52.6831,-1.92,26049.0
Oldbury,52.505,-2.0159,25488.0
Thatcham,51.405,-1.264,25267.0
Whitehaven,54.548,-3.5855,25032.0
Bushey,51.6429,-0.3604,25328.0
Farnham,51.215,-0.799,25604.0
Fleetwood,53.922,-3.012,25939.0
New Milton,50.76,-1.65,25717.0
Felixstowe,51.9639,1.3515,24441.0
Golborne,53.4758,-2.5943,24169.0
Witham,51.7978,0.6373,25542.0
Kirkby in Ashfield,53.099,-1.245,25265.0
Workington,54.6365,-3.5549,25207.0
Great Sankey,53.3918,-2.6383,24211.0
Pitsea,51.569,0.504,25000.0
Newton Abbot,50.529,-3.61,23580.0
Broadstairs,51.3589,1.4394,24903.0
Rawtenstall,53.699,-2.291,23000.0
Ashton in Makerfield,53.487,-2.641,24000.0
Rickmansworth,51.6383,-0.4659,23973.0
Rugeley,52.7599,-1.9388,24386.0
Newport,50.701,-1.2883,23957.0
Marple,53.397,-2.061,23687.0
Formby,53.5586,-3.0666,22419.0
Elgin,57.65,-3.315,23128.0
Horley,51.174,-0.172,22076.0
Waltham Abbey,51.6846,0.0004,22859.0
Kenilworth,52.341,-1.566,22538.0
Alfreton,53.097,-1.38,22302.0
Kirkintilloch,55.938,-4.155,21380.0
East Retford,53.3228,-0.9431,22013.0
Haywards Heath,51.0048,-0.0979,22800.0
Gainsborough,53.4016,-0.7732,22841.0
Yeadon,53.869,-1.688,22233.0
Saint Austell,50.34,-4.79,21054.0
Penzance,50.119,-5.537,21168.0
Darton,53.585,-1.5325,21345.0
Pudsey,53.797,-1.663,22408.0
Omagh,54.59,-7.29,21056.0
Sandbach,53.146,-2.367,21916.0
Biggleswade,52.0855,-0.2557,21700.0
South Ockendon,51.5207,0.2956,22303.0
Reigate,51.237,-0.206,22123.0
Normanton,53.697,-1.416,20872.0
Chesham,51.712,-0.612,21483.0
Sandhurst,51.349,-0.8,20803.0
Crowborough,51.06,0.16,20607.0
Tewkesbury,51.99,-2.16,20360.0
Richmond,51.456,-0.301,21469.0
Potters Bar,51.698,-0.183,21639.0
Halewood,53.3599,-2.84,20116.0
Garforth,53.792,-1.388,19811.0
Musselburgh,55.942,-3.054,20840.0
Skegness,53.1436,0.3428,21128.0
Ripley,53.05,-1.407,20807.0
Dumbarton,55.95,-4.5667,20560.0
Cirencester,51.719,-1.968,19076.0
Hailsham,50.8647,0.2577,20476.0
Ware,51.8109,-0.0314,18799.0
Newmarket,52.2459,0.4105,20384.0
Spennymoor,54.7,-1.59,19816.0
Ely,52.3981,0.2622,20256.0
Dorchester,50.7154,-2.4367,20135.0
Eastwood,53.018,-1.304,18612.0
Mirfield,53.6807,-1.6888,19563.0
Goole,53.6992,-0.8692,19518.0
Bideford,51.016,-4.209,18260.0
Irlam,53.445,-2.422,19933.0
Lancing,50.832,-0.319,18810.0
Adel,53.8489,-1.5849,19430.0
Faversham,51.3177,0.8928,19316.0
Sleaford,52.996,-0.413,19807.0
Ystrad Mynach,51.6419,-3.2405,19204.0
Mickleover,52.901,-1.552,18000.0
Staveley,53.2694,-1.3484,18247.0
Stowmarket,52.19,1.0,19280.0
Monkseaton,55.043,-1.459,19044.0
Kempston,52.114,-0.497,19440.0
Ramsbottom,53.6484,-2.3169,17872.0
East Dereham,52.681,0.94,18609.0
Rawmarsh,53.4636,-1.3439,18498.0
Mill Hill,51.62,-0.23,18451.0
Heanor,53.014,-1.354,17251.0
Appley Bridge,53.579,-2.721,18500.0
Ebbw Vale,51.78,-3.21,18558.0
Thorne,53.6083,-0.9583,17295.0
Poulton le Fylde,53.847,-2.995,18115.0
Berkhampstead,51.76,-0.56,18100.0
Bramhall,53.357,-2.164,17436.0
Fulwood,53.365,-1.544,18233.0
Almondbury,53.6344,-1.7489,18346.0
Sunbury,51.423,-0.424,18041.0
North Hykeham,53.1833,-0.5875,16844.0
Birstall,53.732,-1.66,16298.0
Madeley,52.637,-2.448,17935.0
Sileby,52.731,-1.106,17835.0
Mosbrough,53.325,-1.362,17097.0
Ashby de la Zouch,52.746,-1.476,16491.0
Harwich,51.934,1.266,17684.0
Saint Andrews,56.3404,-2.7955,17580.0
Alton,51.1498,-0.9769,17816.0
Portchester,50.842,-1.12,17789.0
Glen Parva,52.5867,-1.1617,17189.0
Louth,53.3669,-0.0061,17382.0
Barrhead,55.801,-4.389,17610.0
Thornton,53.7898,-1.8504,17276.0
Windlesham,51.36,-0.66,16775.0
Hatfield,53.58,-1.0,17236.0
East Finchley,51.5902,-0.1753,15989.0
Heysham,54.046,-2.894,17016.0
Saint Ives,52.3344,-0.0761,16815.0
Knaresborough,54.0084,-1.467,15441.0
Brixham,50.394,-3.516,16825.0
Broxburn,55.934,-3.471,15440.0
Stone,52.9,-2.15,16385.0
Stanley,53.7145,-1.476,15314.0
Haslemere,51.09,-0.712,16826.0
Guisborough,54.535,-1.0563,16979.0
Grangemouth,56.012,-3.717,16650.0
Northallerton,54.3378,-1.4285,15741.0
Ripon,54.138,-1.524,16274.0
Seacombe,53.409,-3.029,15387.0
Banbridge,54.343,-6.26,14744.0
Northenden,53.4075,-2.2583,15200.0
Denby Dale,53.572,-1.655,16365.0
Wyke,53.7333,-1.7667,14950.0
Weybridge,51.362,-0.453,15449.0
Hayes,51.378,0.0192,15906.0
Uckfield,50.97,0.1,14493.0
Bangor,53.228,-4.128,16358.0
Penicuik,55.826,-3.22,15926.0
Queensbury,53.7683,-1.8453,16273.0
Ponders End,51.646,-0.046,15664.0
Adwick le Street,53.5677,-1.1931,15911.0
Conwy,53.28,-3.83,14723.0
Totteridge,51.6354,-0.2,15159.0
Lewes,50.8747,0.0117,15988.0
Thundersley,51.57,0.59,15600.0
Carterton,51.76,-1.59,15680.0
Hetton le Hole,54.821,-1.449,14402.0
Todmorden,53.713,-2.096,15481.0
Neston,53.289,-3.074,15221.0
Alloa,56.116,-3.793,14420.0
Ince-in-Makerfield,53.5402,-2.599,15664.0
Oswestry,52.8598,-3.0538,15613.0
Matlock,53.14,-1.55,15519.0
Weston,53.413,-2.798,14263.0
Blaydon,54.963,-1.719,15155.0
Tredegar,51.7776,-3.2407,15103.0
Forfar,56.6442,-2.8884,14230.0
Featherstone,53.7,-1.37,15244.0
Broxbourne,51.7495,-0.0216,15303.0
Ashtead,51.31,-0.299,14169.0
Swallownest,53.3623,-1.3251,15022.0
Great Baddow,51.719,0.507,14650.0
Mackworth,52.9277,-1.5373,14180.0
Poynton,53.35,-2.1167,14260.0
Port Glasgow,55.934,-4.6906,14620.0
Chislehurst,51.412,0.075,14831.0
Mexborough,53.4992,-1.283,15244.0
Chellaston,52.8671,-1.4384,15198.0
Winkfield,51.4318,-0.7096,14998.0
Skipton,53.9625,-2.0163,14623.0
Dalkeith,55.8958,-3.0583,13400.0
Otley,53.905,-1.687,13668.0
Shepshed,52.7711,-1.2951,14875.0
Heswall,53.328,-3.099,13401.0
Farnborough,51.3591,0.0741,14632.0
Amersham,51.677,-0.603,14384.0
Penrith,54.6648,-2.7548,14756.0
Enniskillen,54.3447,-7.6389,13823.0
Romsey,50.989,-1.4966,14768.0
Wombourn,52.5302,-2.1857,14157.0
Bishops Cleeve,51.947,-2.061,14068.0
Hemsworth,53.61,-1.35,13533.0
Morpeth,55.1675,-1.6908,14017.0
Burbage,52.5277,-1.3483,14568.0
Sanderstead,51.3358,-0.0818,12777.0
Bo’ness,56.0168,-3.6089,14760.0
Teignmouth,50.5515,-3.4886,14749.0
Wymondham,52.57,1.116,14405.0
Cowes,50.7595,-1.3002,14724.0
Troon,55.54,-4.66,14710.0
Chelsfield,51.3582,0.1278,14507.0
Kearsley,53.53,-2.37,14212.0
Cliftonville,51.3881,1.4046,12900.0
Middlewich,53.192,-2.443,13595.0
Alsager,53.0961,-2.3048,13389.0
Sidmouth,50.68,-3.239,12569.0
Thame,51.75,-0.97,13273.0
Eastham,53.313,-2.962,13882.0
Hamworthy,50.7207,-2.0109,13141.0
Bickley,51.4003,0.0466,13904.0
Milnrow,53.6101,-2.1111,13061.0
Little Lever,53.563,-2.369,12803.0
Knottingley,53.705,-1.249,13710.0
Cheadle,52.9849,-1.9865,12165.0
Stroud,51.744,-2.215,13468.0
Newhaven,50.8,0.06,12232.0
Littleborough,53.644,-2.098,13807.0
Helensburgh,56.0166,-4.7333,13640.0
Aberystwyth,52.414,-4.081,13040.0
Selston,53.07,-1.3,12596.0
Ampthill,52.0263,-0.4906,13307.0
Birstall,52.6736,-1.12,12216.0
Royal Wootton Bassett,51.533,-1.9,13570.0
Bridport,50.7336,-2.7584,13569.0
Sowerby Bridge,53.71,-1.91,11703.0
Hersham,51.3681,-0.4008,12414.0
Fenton,52.9977,-2.1578,12070.0
Walton-on-the-Naze,51.848,1.268,12054.0
Carluke,55.734,-3.834,13320.0
Flint,53.2482,-3.1358,12953.0
Bacup,53.704,-2.199,13323.0
Standish,53.586,-2.664,13278.0
Costessey,52.6602,1.2161,12463.0
Wath upon Dearne,53.5022,-1.3402,11816.0
Chalfont Saint Peter,51.607,-0.556,12766.0
North Walsham,52.8214,1.3861,12634.0
Sudbury,52.0417,0.7282,13063.0
Flitwick,52.0038,-0.4966,12700.0
Cowdenbeath,56.11,-3.35,11640.0
Harrow on the Hill,51.5655,-0.3327,12270.0
North Tidworth,51.237,-1.664,12089.0
Bridgnorth,52.535,-2.4195,12079.0
Great Bookham,51.278,-0.373,11375.0
Chigwell,51.6225,0.0723,12449.0
Uttoxeter,52.898,-1.86,13089.0
Bolsover,53.2304,-1.2875,11673.0
Prudhoe,54.961,-1.849,11675.0
Wantage,51.589,-1.427,13106.0
Maryport,54.7128,-3.4926,11262.0
Honiton,50.8,-3.19,11822.0
Crayford,51.4491,0.1812,11226.0
Bryn,53.499,-2.657,11662.0
Galashiels,55.6194,-2.8033,13000.0
Syston,52.7,-1.08,12804.0
Rushall,52.611,-1.957,11871.0
Croxley Green,51.647,-0.445,12562.0
Mablethorpe,53.3409,0.261,12531.0
Churchdown,51.88,-2.17,10990.0
Dorking,51.2325,-0.3306,11158.0
Bamber Bridge,53.7281,-2.6606,12126.0
Lymm,53.3834,-2.475,12700.0
Knowsley,53.4498,-2.8501,11343.0
Spondon,52.92,-1.401,12377.0
Beaconsfield,51.6009,-0.6347,12081.0
Horndean,50.9136,-0.9961,12639.0
Darfield,53.538,-1.3812,10685.0
Greetland,53.6869,-1.8714,11389.0
Saltcoats,55.6352,-4.7896,12640.0
Elland,53.683,-1.84,11676.0
Berwick-Upon-Tweed,55.7692,-2.0025,12043.0
Sheerness,51.441,0.76,11938.0
Tilbury,51.4606,0.3582,12450.0
Armadale,55.8978,-3.7047,12550.0
Bickenhill,52.439,-1.725,12456.0
Shoeburyness,51.5316,0.7978,11159.0
Dorridge,52.372,-1.7554,11140.0
Rainhill,53.4157,-2.7625,10853.0
Epping,51.7004,0.1087,11047.0
Ulverston,54.193,-3.09,11678.0
Leominster,52.2282,-2.7385,11959.0
Tring,51.7962,-0.6592,12099.0
Saint Ives,50.211,-5.48,11226.0
Cookstown,54.647,-6.745,10646.0
Huntington,53.9926,-1.043,12108.0
New Mills,53.367,-2.007,12291.0
Wells,51.2094,-2.645,10536.0
Market Drayton,52.9044,-2.4848,11773.0
Abertillery,51.73,-3.13,11601.0
Burnham,51.54,-0.66,11630.0
Chorleywood,51.65,-0.51,11286.0
Little Bookham,51.2804,-0.3897,11375.0
Tranent,55.945,-2.954,12140.0
Halstead,51.9451,0.6411,11906.0
Montrose,56.708,-2.467,12100.0
Whitburn,55.8621,-3.6872,10860.0
Abergele,53.28,-3.58,10577.0
Southwick,54.9193,-1.4062,10535.0
Great Wyrley,52.6593,-2.0102,11060.0
Oswaldtwistle,53.743,-2.393,11803.0
Sandy,52.131,-0.297,11657.0
Wootton,52.2007,-0.8857,11180.0
Downham Market,52.6,0.39,9994.0
Torton,52.4522,-2.1606,11841.0
Ivybridge,50.389,-3.921,11851.0
Ross on Wye,51.914,-2.587,10700.0
Wetherby,53.9276,-1.3839,11712.0
Englefield Green,51.4301,-0.5699,10607.0
Padiham,53.797,-2.311,10098.0
Sunninghill,51.4025,-0.655,11603.0
Hipperholme,53.7258,-1.812,11308.0
Selsey,50.735,-0.7898,10737.0
Hexham,54.971,-2.101,11139.0
Tadley,51.3506,-1.1376,11473.0
Cranleigh,51.1363,-0.4784,11241.0
Leatherhead,51.295,-0.329,11316.0
Whitchurch,51.4064,-2.5594,11061.0
Newtown,52.5132,-3.3141,11357.0
Baldock,51.99,-0.19,9900.0
Great Harwood,53.786,-2.408,10890.0
Kingsnorth,51.1178,0.8615,11243.0
Stannington,53.396,-1.536,10747.0
Oxted,51.257,-0.006,11314.0
Burtonwood,53.4302,-2.6614,11265.0
Ollerton,53.2,-1.02,11103.0
Shenfield,51.6297,0.3192,10511.0
Monmouth,51.81,-2.72,10508.0
Iver,51.521,-0.507,11119.0
Largs,55.795,-4.87,11260.0
Barton upon Humber,53.6833,-0.45,11066.0
Bewdley,52.3758,-2.315,9470.0
Stonehaven,56.964,-2.211,11170.0
Ilfracombe,51.208,-4.12,11184.0
Shepperton,51.39,-0.46,9753.0
Charlton Kings,51.8877,-2.0413,10396.0
Snodland,51.328,0.4467,10211.0
Greasley,53.02,-1.27,11014.0
Methil,56.1844,-3.0223,10800.0
Mossley,53.5147,-2.0387,10921.0
Soham,52.3338,0.3361,10860.0
Knowle,52.3881,-1.7318,10678.0
Appleton,53.3508,-2.5441,10265.0
Aylesford,51.3033,0.4796,10660.0
Wooburn,51.581,-0.691,10792.0
Desborough,52.4398,-0.8172,10697.0
Attleborough,52.5183,1.0192,10482.0
Felton,51.51,-2.574,10607.0
Shevington,53.572,-2.69,9517.0
Scartho,53.5399,-0.0926,10408.0
Worsley,53.5093,-2.3845,10090.0
Swanage,50.608,-1.96,9601.0
Chesterfield,53.2358,-1.4275,10688.0
Pencoed,51.5228,-3.5047,9166.0
Euxton,53.662,-2.674,9993.0
Abram,53.508,-2.588,9855.0
Castleton,53.5907,-2.1737,10159.0
Balderton,53.0549,-0.7727,9757.0
Caernarfon,53.14,-4.27,9615.0
Southwater,51.0238,-0.3526,10025.0
Kingsteignton,50.5458,-3.5962,10600.0
Newburn,54.983,-1.743,9536.0
Ardrossan,55.6432,-4.8097,10670.0
Bovingdon,51.7231,-0.5367,9000.0
Mold,53.166,-3.133,10058.0
Ludlow,52.368,-2.718,10266.0
Mildenhall,52.3446,0.5089,10315.0
Whitnash,52.268,-1.524,10489.0
Coleford,51.791,-2.6162,9273.0
Ickenham,51.558,-0.4484,10387.0
Blandford Forum,50.856,-2.165,10355.0
Whitwick,52.7403,-1.3556,8612.0
Rhosllanerchrugog,53.011,-3.052,9694.0
Dinnington,53.3667,-1.2,9077.0
Emsworth,50.849,-0.938,9492.0
Pembroke Dock,51.6933,-4.9458,9753.0
Felling,54.95,-1.564,8908.0
Prestonpans,55.9597,-2.961,10410.0
Great Missenden,51.7042,-0.7078,10138.0
Blairgowrie,56.5916,-3.3405,9020.0
Bowdon,53.376,-2.366,9228.0
Buckie,57.676,-2.965,8640.0
London Colney,51.726,-0.3,9507.0
Cumnock,55.4529,-4.2638,8830.0
Ellon,57.366,-2.086,10200.0
Corfe Mullen,50.7701,-2.0175,10133.0
Padbury,51.971,-0.952,10127.0
Ammanford,51.8,-3.993,8610.0
Aldenham,51.6723,-0.3546,9942.0
Beccles,52.458,1.563,10123.0
Annan,54.983,-3.266,8780.0
Fort William,56.8198,-5.1052,10175.0
Yatton,51.3855,-2.8256,9176.0
Crigglestone,53.644,-1.5226,9271.0
Aveley,51.5018,0.2534,9461.0
Hayle,50.186,-5.419,9400.0
Bude,50.824,-4.542,9222.0
Immingham,53.6139,-0.2183,9642.0
Holywell,53.274,-3.223,8886.0
Worth,51.113,-0.147,9888.0
Towcester,52.13,-0.99,9252.0
Tiptree,51.81,0.75,9182.0
Worsborough,53.52,-1.47,9516.0
Queensferry,55.99,-3.398,9350.0
Dodworth,53.5417,-1.5214,9777.0
Ferryhill,54.69,-1.55,8942.0
Brockworth,51.85,-2.15,9422.0
Cobham,51.329,-0.409,9739.0
Felpham,50.7905,-0.6539,9746.0
Hockley,51.6014,0.6363,9616.0
Clay Cross,53.1637,-1.4128,9222.0
Irthlingborough,52.324,-0.614,8900.0
Carlton Colville,52.454,1.691,8505.0
Brandon,52.4474,0.6242,9145.0
Tadworth,51.294,-0.242,9522.0
Shanklin,50.6333,-1.175,9072.0
Waltham Cross,51.686,-0.0331,8577.0
Binfield,51.432,-0.792,8689.0
Great Dunmow,51.873,0.3617,8830.0
Raunds,52.345,-0.537,9379.0
Ledbury,52.0339,-2.4235,9290.0
Dunblane,56.1838,-3.9674,9410.0
Stevenston,55.645,-4.758,9230.0
Sompting,50.8303,-0.3395,8561.0
Sherborne,50.9469,-2.5171,9350.0
Cinderford,51.8225,-2.4989,8777.0
Burscough,53.596,-2.843,9182.0
Stansted Mountfitchet,51.898,0.198,8621.0
Frodsham,53.295,-2.725,9077.0
Yaxley,52.52,-0.26,9174.0
Bingham,52.952,-0.953,9131.0
Haddington,55.956,-2.781,9130.0
Oakengates,52.695,-2.451,8517.0
Portlethen,57.061,-2.13,9090.0
Cherry Hinton,52.1849,0.176,8780.0
Lanark,55.6749,-3.777,9050.0
Rhymney,51.759,-3.283,8845.0
Great Cornard,52.0245,0.7497,8908.0
Peebles,55.6519,-3.1889,8940.0
Cockermouth,54.6613,-3.362,8761.0
Chapel en le Frith,53.322,-1.917,8635.0
Polegate,50.8216,0.2442,8586.0
Caister-on-Sea,52.651,1.733,8901.0
Penkridge,52.7252,-2.1164,8526.0
Worplesdon,51.272,-0.612,8529.0
Canford Cliffs,50.7,-1.93,8620.0
Kirk of Shotts,55.823,-3.804,8570.0
Meltham,53.592,-1.85,8534.0
Wick,58.454,-3.089,7030.0
Usworth,54.94,-1.55,9100.0
